Run,Mean_Q_Time_Speak_to_GP
0,32.46790978432328
1,25.405507189813864
