Run,Mean_Q_Time_Speak_to_GP
0,797.2315622050619
1,831.5297931199154
